Case.ID,Variant.ID,Type,Effect,Location.in.gene,cDNA,Variant..cDNA.,Sequence.Context,HGVS.Amino.Acid,Legacy.Amino.Acid,Protein.Change,Domain,Other.Variants,Reported.Clinical.Severity,Merged_Clinical_Severity
238,149,Point,Missense,Exon 16,5419,c.5419G>A,GCC>ACC,1807,1779,p.(Ala1807Thr),A3,0,Asymptomatic,Asymptomatic_Mild
214,22,Point,Missense,Exon 5,647,c.647C>T,GCT>GTT,216,188,p.(Ala216Val),A1,0,Mild,Asymptomatic_Mild
3,28,Point,Missense,Exon 6,746,c.746C>T,GCC>GTC,249,221,p.(Ala249Val),A1,0,Mild,Asymptomatic_Mild
343,92,Point,Missense,Exon 13,2588,c.2588C>G,GCT>GGT,863,835,p.(Ala863Gly),B,0,Severe,Moderate_Severe
323,140,Point,Missense,Exon 15,5176,c.5176C>T,CGG>TGG,1726,1698,p.(Arg1726Trp),A3,1,Mild,Asymptomatic_Mild
92,193,Point,Missense,Exon 23,6304,c.6304C>T,CGT>TGT,2102,2074,p.(Arg2102Cys),C2,0,Mild,Asymptomatic_Mild
75,194,Point,Missense,Exon 23,6305,c.6305G>A,CGT>CAT,2102,2074,p.(Arg2102His),C2,0,Mild,Asymptomatic_Mild
15,35,Point,Missense,Exon 7,1000,c.1000A>G,AGG>GGG,334,306,p.(Arg334Gly),A2,0,Asymptomatic,Asymptomatic_Mild
25,36,Point,Missense,Exon 7,1001,c.1001G>C,AGG>ACG,334,306,p.(Arg334Thr),A2,0,Asymptomatic,Asymptomatic_Mild
253,55,Point,Missense,Exon 9,1321,c.1321C>T,CGC>TGC,441,413,p.(Arg441Cys),A2,0,Asymptomatic,Asymptomatic_Mild
21,63,Point,Missense,Exon 10,1538,c.1538G>A,AGA>AAA,513,485,p.(Arg513Lys),A2,0,Asymptomatic,Asymptomatic_Mild
125,68,Point,Missense,Exon 10,1601,c.1601G>A,CGA>CAA,534,506,p.(Arg534Gln),A2,0,Asymptomatic,Asymptomatic_Mild
40,88,Point,Missense,Exon 13,2450,c.2450A>C,AAC>ACC,817,789,p.(Asn817Thr),B,0,Asymptomatic,Asymptomatic_Mild
387,138,Point,Missense,Exon 15,5090,c.5090A>G,GAT>GGT,1697,1669,p.(Asp1697Gly),A3,1,Mild,Asymptomatic_Mild
37,208,Point,Missense,Exon 25,6665,c.6665A>G,GAT>GGT,2222,2194,p.(Asp2222Gly),C2,0,Asymptomatic,Asymptomatic_Mild
285,72,Point,Missense,Exon 11,1654,c.1654G>C,GAT>CAT,552,524,p.(Asp552His),A2,0,Moderate,Moderate_Severe
296,8,Point,Missense,Exon 3,286,c.286G>C,GAC>CAC,96,68,p.(Asp96His),A1,0,Mild,Asymptomatic_Mild
348,18,Point,Missense,Exon 4,578,c.578G>C,TGT>TCT,193,165,p.(Cys193Ser),A1,1,Moderate,Moderate_Severe
407,186,Point,Missense,Exon 22,6182,c.6182G>A,TGT>TAT,2061,2033,p.(Cys2061Tyr),C1,1,Severe,Moderate_Severe
108,61,Point,Missense,Exon 10,1498,c.1498T>G,TGC>GGC,500,472,p.(Cys500Gly),A2,1,Severe,Moderate_Severe
65,74,Point,Missense,Exon 12,1837,c.1837T>C,TGT>CGT,613,585,p.(Cys613Arg),A2,0,Asymptomatic,Asymptomatic_Mild
152,130,Point,Missense,Exon 14,4906,c.4906G>A,GAG>AAG,1636,1608,p.(Glu1636Lys),A3,0,Moderate,Asymptomatic_Mild
418,206,Point,Missense,Exon 25,6649,c.6649G>A,GAA>AAA,2217,2189,p.(Glu2217Lys),C2,0,Severe,Moderate_Severe
346,60,Point,Missense,Exon 10,1465,c.1465G>C,GAG>CAG,489,461,p.(Glu489Gln),A2,0,Asymptomatic,Asymptomatic_Mild
269,81,Point,Missense,Exon 13,2082,c.2082G>C,GAG>GAC,694,666,p.(Glu694Asp),a 2,0,Asymptomatic,Asymptomatic_Mild
390,143,Point,Missense,Exon 16,5227,c.5227G>A,GGC>AGC,1743,1715,p.(Gly1743Ser),A3,0,Mild,Asymptomatic_Mild
325,144,Point,Missense,Exon 16,5236,c.5236G>A,GGT>AGT,1746,1718,p.(Gly1746Ser),A3,1,Asymptomatic,Asymptomatic_Mild
313,171,Point,Missense,Exon 20,5789,c.5789G>A,GGT>GAT,1930,1902,p.(Gly1930Asp),C1,2,Mild,Asymptomatic_Mild
316,177,Point,Missense,Exon 21,6025,c.6025G>A,GGG>AGG,2009,1981,p.(Gly2009Arg),C1,1,Severe,Moderate_Severe
122,185,Point,Missense,Exon 22,6179,c.6179G>A,GGT>GAT,2060,2032,p.(Gly2060Asp),C1,1,Asymptomatic,Asymptomatic_Mild
288,197,Point,Missense,Exon 24,6419,c.6419G>A,GGC>GAC,2140,2112,p.(Gly2140Asp),C2,0,Mild,Asymptomatic_Mild
278,30,Point,Missense,Exon 6,776,c.776G>A,GGA>GAA,259,231,p.(Gly259Glu),A1,1,Asymptomatic,Asymptomatic_Mild
140,48,Point,Missense,Exon 8,1258,c.1258G>T,GGT>TGT,420,392,p.(Gly420Cys),A2,0,Severe,Asymptomatic_Mild
262,64,Point,Missense,Exon 10,1561,c.1561G>A,GGA>AGA,521,493,p.(Gly521Arg),A2,0,Moderate,Asymptomatic_Mild
347,209,Point,Missense,Exon 10,1562,c.1562G>A,GGA>GAA,521,493,p.(Gly521Glu),A2,0,Asymptomatic,Asymptomatic_Mild
417,76,Point,Missense,Exon 12,1883,c.1883G>A,GGG>GAG,628,600,p.(Gly628Glu),A2,0,Severe,Moderate_Severe
212,7,Point,Missense,Exon 3,283,c.283G>A,GGA>AGA,95,67,p.(Gly95Arg),A1,0,Mild,Asymptomatic_Mild
127,119,Point,Missense,Exon 13,3980,c.3980A>G,CAT>CGT,1327,1299,p.(His1327Arg),B,0,Asymptomatic,Asymptomatic_Mild
330,16,Point,Missense,Exon 4,524,c.524A>G,CAT>CGT,175,147,p.(His175Arg),A1,2,Mild,Asymptomatic_Mild
42,93,Point,Missense,Exon 13,2594,c.2594A>G,CAT>CGT,865,837,p.(His865Arg),B,0,Asymptomatic,Asymptomatic_Mild
115,46,Point,Missense,Exon 8,1160,c.1160T>C,ATT>ACT,387,359,p.(Ile387Thr),A2,1,Asymptomatic,Asymptomatic_Mild
361,153,Point,Missense,Exon 17,5492,c.5492T>C,CTG>CCG,1831,1803,p.(Leu1831Pro),A3,0,Mild,Asymptomatic_Mild
306,207,Point,Missense,Exon 25,6653,c.6653T>C,CTC>CCC,2218,2190,p.(Leu2218Pro),C2,0,Mild,Asymptomatic_Mild
275,5,Point,Missense,Exon 3,269,c.269T>C,TTA>TCA,90,62,p.(Leu90Ser),A1,0,Mild,Asymptomatic_Mild
385,202,Point,Missense,Exon 24,6528,c.6528G>C,AAG>AAC,2176,2148,p.(Lys2176Asn),C2,2,Severe,Moderate_Severe
254,79,Point,Missense,Exon 13,2032,c.2032A>G,AAA>GAA,678,650,p.(Lys678Glu),A2,0,Asymptomatic,Asymptomatic_Mild
41,90,Point,Missense,Exon 13,2573,c.2573A>G,AAA>AGA,858,830,p.(Lys858Arg),B,0,Asymptomatic,Asymptomatic_Mild
43,98,Point,Missense,Exon 13,2773,c.2773A>G,AAG>GAG,925,897,p.(Lys925Glu),B,0,Asymptomatic,Asymptomatic_Mild
233,174,Point,Missense,Exon 21,5900,c.5900T>A,ATG>AAG,1967,1939,p.(Met1967Lys),C1,1,Asymptomatic,Asymptomatic_Mild
365,198,Point,Missense,Exon 24,6443,c.6443T>C,ATG>ACG,2148,2120,p.(Met2148Thr),C2,1,Mild,Asymptomatic_Mild
308,24,Point,Missense,Exon 5,692,c.692T>G,ATG>AGG,231,203,p.(Met231Arg),A1,0,Severe,Moderate_Severe
38,47,Point,Missense,Exon 8,1238,c.1238T>C,ATG>ACG,413,385,p.(Met413Thr),A2,0,Asymptomatic,Asymptomatic_Mild
345,58,Point,Missense,Exon 10,1411,c.1411A>T,ATG>TTG,471,443,p.(Met471Leu),A2,0,Asymptomatic,Asymptomatic_Mild
255,23,Point,Missense,Exon 5,653,c.653T>C,TTT>TCT,218,190,p.(Phe218Ser),A1,0,Asymptomatic,Asymptomatic_Mild
182,40,Point,Missense,Exon 7,1059,c.1059C>G,TTC>TTG,353,325,p.(Phe353Leu),A2,1,Asymptomatic,Asymptomatic_Mild
80,121,Point,Missense,Exon 13,4210,c.4210C>T,CCA>TCA,1404,1376,p.(Pro1404Ser),B,1,Severe,Moderate_Severe
257,132,Point,Missense,Exon 14,4937,c.4937C>G,CCT>CGT,1646,1618,p.(Pro1646Arg),A3,0,Asymptomatic,Asymptomatic_Mild
373,17,Point,Missense,Exon 4,566,c.566C>T,CCC>CTC,189,161,p.(Pro189Leu),A1,0,Mild,Asymptomatic_Mild
379,57,Point,Missense,Exon 9,1340,c.1340C>G,CCT>CGT,447,419,p.(Pro447Arg),A2,0,Severe,Moderate_Severe
431,175,Point,Missense,Exon 21,5993,c.5993G>T,AGT>ATT,1998,1970,p.(Ser1998Ile),C1,0,Severe,Moderate_Severe
248,32,Point,Missense,Exon 6,785,c.785C>T,TCG>TTG,262,234,p.(Ser262Leu),A1,1,Asymptomatic,Asymptomatic_Mild
187,31,Point,Missense,Exon 6,785,c.785C>G,TCG>TGG,262,234,p.(Ser262Trp),A1,1,Asymptomatic,Asymptomatic_Mild
53,84,Point,Missense,Exon 13,2350,c.2350A>G,AGT>GGT,784,756,p.(Ser784Gly),B,0,Severe,Moderate_Severe
242,163,Point,Missense,Exon 18,5693,c.5693C>T,ACG>ATG,1898,1870,p.(Thr1898Met),A3,0,Asymptomatic,Asymptomatic_Mild
316,25,Point,Missense,Exon 5,698,c.698C>G,ACA>AGA,233,205,p.(Thr233Arg),A1,1,Severe,Moderate_Severe
334,173,Point,Missense,Exon 20,5842,c.5842T>C,TGG>CGG,1948,1920,p.(Trp1948Arg),C1,0,Asymptomatic,Asymptomatic_Mild
413,199,Point,Missense,Exon 24,6492,c.6492G>C,TGG>TGC,2164,2136,p.(Trp2164Cys),C2,0,Severe,Moderate_Severe
216,29,Point,Missense,Exon 6,763,c.763T>C,TGG>CGG,255,227,p.(Trp255Arg),A1,1,Mild,Asymptomatic_Mild
209,11,Point,Missense,Exon 3,355,c.355T>A,TAC>AAC,119,91,p.(Tyr119Asn),A1,0,Mild,Asymptomatic_Mild
383,125,Point,Missense,Exon 13,4745,c.4745A>G,TAT>TGT,1582,1554,p.(Tyr1582Cys),A3,0,Asymptomatic,Asymptomatic_Mild
287,128,Point,Missense,Exon 14,4867,c.4867T>G,TAC>GAC,1623,1595,p.(Tyr1623Asp),A3,1,Mild,Asymptomatic_Mild
179,73,Point,Missense,Exon 11,1673,c.1673A>C,TAC>TCC,558,530,p.(Tyr558Ser),A2,1,Mild,Asymptomatic_Mild
213,6,Point,Missense,Exon 3,271,c.271T>A,TAT>AAT,91,63,p.(Tyr91Asn),A1,0,Moderate,Moderate_Severe
196,155,Point,Missense,Exon 17,5521,c.5521G>A,GTG>ATG,1841,1813,p.(Val1841Met),A3,0,Moderate,Moderate_Severe
217,33,Point,Missense,Exon 6,833,c.833A>G,CAG>CGG,278,250,p.(Gln278Arg),A1,0,Mild,Asymptomatic_Mild
